{"cameraMode":{"drawMode":0,"name":"Shaded","section":"Shading Mode"},"sceneLighting":true,"audioPlay":false,"sceneViewState":{"showFog":true,"showMaterialUpdate":false,"showSkybox":true,"showFlares":true,"showImageEffects":true,"showParticleSystems":true},"in2DMode":false,"pivot":{"x":8.044258117675782,"y":9.666361808776856,"z":2.4223756790161135},"rotation":{"x":-0.30497655272483828,"y":0.33226096630096438,"z":-0.11448018997907639,"w":-0.8851500749588013},"size":58.795597076416019,"orthographic":false}